Date,Time,FPOGID,FPOGD,FPOGX,FPOGY,LPOGX,LPOGY,RPOGX,RPOGY,CX,CY,timestamp
2019-11-06,16:40:26,1748,0.42773,0.07393,0.68164,0.0285,0.67527,0.12486,0.71146,0.80260,0.05000,1573098026.2899637
2019-11-06,16:40:26,1748,0.57568,0.07287,0.68551,0.05937,0.6669,0.07042,0.75098,0.80260,0.05000,1573098026.305291
2019-11-06,16:40:26,1748,0.59229,0.07274,0.68628,0.0618,0.67094,0.0739,0.75673,0.80260,0.05000,1573098026.3285475
2019-11-06,16:40:26,1748,0.60889,0.07175,0.68691,-0.00172,0.69775,0.07202,0.72272,0.80260,0.05000,1573098026.3441727
2019-11-06,16:40:26,1748,0.62549,0.07161,0.68881,0.01136,0.6785,0.12152,0.8432,0.80260,0.05000,1573098026.359791
2019-11-06,16:40:26,1748,0.6416,0.07144,0.69054,0.01136,0.6785,0.11826,0.83821,0.80260,0.05000,1573098026.3754048
2019-11-06,16:40:26,1748,0.6582,0.07115,0.69108,0.02756,0.67596,0.091,0.74899,0.80260,0.05000,1573098026.3908184
2019-11-06,16:40:26,1748,0.6748,0.07101,0.69072,0.04829,0.66318,0.08296,0.68898,0.80260,0.05000,1573098026.40638
2019-11-06,16:40:26,1748,0.69092,0.07093,0.69046,0.04843,0.66339,0.08644,0.69546,0.80260,0.05000,1573098026.4291406
2019-11-06,16:40:26,1748,0.70752,0.07118,0.69093,0.0364,0.68805,0.12733,0.7341,0.80260,0.05000,1573098026.4447527
2019-11-06,16:40:26,1748,0.72363,0.07133,0.69117,0.0564,0.67508,0.09988,0.72834,0.80260,0.05000,1573098026.4603875
2019-11-06,16:40:26,1748,0.74023,0.07147,0.69137,0.05589,0.67425,0.0992,0.7271,0.80260,0.05000,1573098026.4760075
2019-11-06,16:40:26,1749,0.04883,0.05324,0.68363,0.03376,0.65701,0.06529,0.75402,0.80260,0.05000,1573098026.5611808
2019-11-06,16:40:26,1749,0.06494,0.05357,0.68652,0.0413,0.68639,0.06843,0.7098,0.80260,0.05000,1573098026.5611808
2019-11-06,16:40:26,1749,0.08154,0.05492,0.69033,0.04711,0.69522,0.07624,0.72351,0.80260,0.05000,1573098026.576802
2019-11-06,16:40:26,1749,0.09766,0.0557,0.69304,0.04799,0.65855,0.07273,0.76011,0.80260,0.05000,1573098026.591994
2019-11-06,16:40:26,1749,0.11475,0.06082,0.69809,0.04919,0.71501,0.1442,0.75186,0.80260,0.05000,1573098026.6080215
2019-11-06,16:40:26,1749,0.13135,0.06463,0.70169,0.04919,0.71501,0.14107,0.74599,0.80260,0.05000,1573098026.6163616
2019-11-06,16:40:26,1749,0.14746,0.06754,0.70185,0.06498,0.6633,0.12252,0.74328,0.80260,0.05000,1573098026.633747
2019-11-06,16:40:26,1749,0.16406,0.06749,0.70197,0.04826,0.69215,0.08564,0.71413,0.80260,0.05000,1573098026.6485975
2019-11-06,16:40:26,1749,0.17969,0.06695,0.70122,0.04307,0.6842,0.07883,0.70181,0.80260,0.05000,1573098026.665961
2019-11-06,16:40:26,1749,0.19629,0.06655,0.70072,0.02836,0.68976,0.09534,0.69956,0.80260,0.05000,1573098026.682385
2019-11-06,16:40:26,1749,0.21289,0.06622,0.6993,0.03282,0.66072,0.09097,0.7011,0.80260,0.05000,1573098026.6990743
2019-11-06,16:40:26,1749,0.229,0.06593,0.69808,0.03282,0.66072,0.09097,0.7011,0.80260,0.05000,1573098026.716433
2019-11-06,16:40:26,1749,0.24561,0.0694,0.6947,0.15505,0.57203,0.08786,0.71615,0.80260,0.05000,1573098026.7324162
2019-11-06,16:40:26,1749,0.2627,0.06883,0.69381,0.00917,0.69372,0.11014,0.66551,0.80260,0.05000,1573098026.7481134
2019-11-06,16:40:26,1749,0.2793,0.06832,0.69303,0.00917,0.69372,0.11014,0.66551,0.80260,0.05000,1573098026.7650476
2019-11-06,16:40:26,1749,0.29541,0.06639,0.69542,-0.02972,0.72756,0.09291,0.74967,0.80260,0.05000,1573098026.7817419
2019-11-06,16:40:26,1749,0.31152,0.06589,0.69639,0.02566,0.67449,0.08742,0.75498,0.80260,0.05000,1573098026.7967703
2019-11-06,16:40:26,1749,0.32861,0.06568,0.69763,0.02844,0.67843,0.09422,0.76641,0.80260,0.05000,1573098026.8149245
2019-11-06,16:40:26,1749,0.34424,0.06549,0.69866,0.03351,0.65983,0.08945,0.78079,0.80260,0.05000,1573098026.8319263
2019-11-06,16:40:26,1749,0.36084,0.06621,0.70064,0.08471,0.67952,0.07972,0.80896,0.80260,0.05000,1573098026.8468347
2019-11-06,16:40:26,1749,0.37793,0.067,0.70266,0.08699,0.68378,0.08328,0.81435,0.80260,0.05000,1573098026.8650613
2019-11-06,16:40:26,1749,0.39453,0.06698,0.70454,0.06395,0.71395,0.06902,0.7856,0.80260,0.05000,1573098026.8787532
2019-11-06,16:40:26,1749,0.41113,0.06736,0.70422,0.04018,0.67612,0.11371,0.71583,0.80260,0.05000,1573098026.8971784
2019-11-06,16:40:26,1749,0.42676,0.06761,0.70371,0.03741,0.67197,0.11031,0.7094,0.80260,0.05000,1573098026.912017
2019-11-06,16:40:26,1749,0.44287,0.06643,0.70425,0.00302,0.68506,0.06656,0.75232,0.80260,0.05000,1573098026.927973
2019-11-06,16:40:26,1749,0.45947,0.0699,0.70367,0.20965,0.65384,0.12414,0.72092,0.80260,0.05000,1573098026.945816
2019-11-06,16:40:26,1749,0.47559,0.07308,0.70302,0.20965,0.65384,0.121,0.71492,0.80260,0.05000,1573098026.9621203
2019-11-06,16:40:26,1749,0.49268,0.07527,0.70511,0.16189,0.82105,0.12035,0.71454,0.80260,0.05000,1573098026.9782515
2019-11-06,16:40:26,1749,0.5083,0.07543,0.70754,0.03575,0.84041,0.12478,0.72508,0.80260,0.05000,1573098026.9940648
2019-11-06,16:40:27,1750,0.0498,0.11917,0.72976,0.10072,0.78189,0.1241,0.72702,0.80260,0.05000,1573098027.0615673
2019-11-06,16:40:27,1750,0.06641,0.12716,0.73469,0.15842,0.80012,0.15983,0.70863,0.80260,0.05000,1573098027.078513
2019-11-06,16:40:27,1750,0.0835,0.1321,0.73716,0.15767,0.7172,0.15588,0.78184,0.80260,0.05000,1573098027.0929048
2019-11-06,16:40:27,1750,0.09961,0.13608,0.73996,0.16098,0.72598,0.15903,0.78757,0.80260,0.05000,1573098027.1097398
2019-11-06,16:40:27,1750,0.11523,0.13066,0.74834,0.03111,0.89012,0.15425,0.7238,0.80260,0.05000,1573098027.1263337
2019-11-06,16:40:27,1750,0.13135,0.12684,0.75715,0.03115,0.87511,0.16137,0.7802,0.80260,0.05000,1573098027.141309
2019-11-06,16:40:27,1750,0.14746,0.12305,0.76303,0.02567,0.86846,0.15234,0.76344,0.80260,0.05000,1573098027.158633
2019-11-06,16:40:27,1750,0.16406,0.12422,0.76237,0.14917,0.79532,0.12256,0.71628,0.80260,0.05000,1573098027.1762836
2019-11-06,16:40:27,1750,0.18115,0.12693,0.76313,0.19507,0.81047,0.11844,0.73243,0.80260,0.05000,1573098027.1922188
2019-11-06,16:40:27,1750,0.19775,0.12928,0.7638,0.19366,0.8063,0.12122,0.73756,0.80260,0.05000,1573098027.2074409
2019-11-06,16:40:27,1750,0.21338,0.12953,0.76393,0.12076,0.81013,0.14498,0.72087,0.80260,0.05000,1573098027.2240977
2019-11-06,16:40:27,1750,0.23096,0.12812,0.76717,0.06879,0.87065,0.14785,0.75444,0.80260,0.05000,1573098027.2421658
2019-11-06,16:40:27,1750,0.24707,0.12731,0.77071,0.07601,0.88105,0.15433,0.76659,0.80260,0.05000,1573098027.258353
2019-11-06,16:40:27,1750,0.26318,0.12807,0.76997,0.12048,0.78182,0.15984,0.7346,0.80260,0.05000,1573098027.2732632
2019-11-06,16:40:27,1750,0.27979,0.12634,0.77045,0.05488,0.8317,0.13908,0.72556,0.80260,0.05000,1573098027.303182
2019-11-06,16:40:27,1750,0.31006,0.12473,0.7708,0.05256,0.82844,0.13908,0.72556,0.80260,0.05000,1573098027.306176
2019-11-06,16:40:27,1750,0.31201,0.12864,0.76736,0.24098,0.6513,0.16483,0.75274,0.80260,0.05000,1573098027.3340986
2019-11-06,16:40:27,1750,0.33154,0.12721,0.77023,0.06408,0.8986,0.13316,0.75655,0.80260,0.05000,1573098027.3400831
2019-11-06,16:40:27,1750,0.3457,0.12582,0.77268,0.06364,0.89801,0.12969,0.7502,0.80260,0.05000,1573098027.3650658
2019-11-06,16:40:27,1750,0.36084,0.1241,0.77445,0.03521,0.86226,0.13735,0.76457,0.80260,0.05000,1573098027.3807209
2019-11-06,16:40:27,1750,0.37744,0.12446,0.77428,0.12169,0.86326,0.14383,0.6774,0.80260,0.05000,1573098027.3963156
2019-11-06,16:40:27,1750,0.39551,0.12454,0.7736,0.11774,0.85608,0.13494,0.65849,0.80260,0.05000,1573098027.41193
2019-11-06,16:40:27,1750,0.41016,0.12381,0.77467,0.12445,0.83266,0.08696,0.77016,0.80260,0.05000,1573098027.4330652
2019-11-06,16:40:27,1750,0.42676,0.12233,0.77429,0.04377,0.80064,0.12352,0.72842,0.80260,0.05000,1573098027.4486883
2019-11-06,16:40:27,1750,0.44629,0.12105,0.77415,0.04391,0.80083,0.12951,0.73963,0.80260,0.05000,1573098027.464311
2019-11-06,16:40:27,1750,0.45996,0.1202,0.77141,0.06143,0.69199,0.13125,0.69761,0.80260,0.05000,1573098027.4799287
2019-11-06,16:40:27,1750,0.47607,0.11866,0.77223,0.00464,0.82298,0.14317,0.76917,0.80260,0.05000,1573098027.4955535
2019-11-06,16:40:27,1750,0.49268,0.11741,0.77326,0.01335,0.8332,0.14654,0.77528,0.80260,0.05000,1573098027.5111747
2019-11-06,16:40:27,1750,0.50879,0.11915,0.77175,0.19588,0.64855,0.15038,0.80099,0.80260,0.05000,1573098027.5333169
2019-11-06,16:40:27,1750,0.52539,0.11816,0.7715,0.00205,0.79174,0.17076,0.73517,0.80260,0.05000,1573098027.5491543
2019-11-06,16:40:27,1750,0.54248,0.11697,0.77085,-0.00679,0.7815,0.16222,0.71773,0.80260,0.05000,1573098027.5647843
2019-11-06,16:40:27,1750,0.55859,0.11838,0.76853,0.22539,0.63338,0.10756,0.7454,0.80260,0.05000,1573098027.5804121
2019-11-06,16:40:27,1750,0.5752,0.11875,0.76755,0.13825,0.76826,0.12488,0.69835,0.80260,0.05000,1573098027.5960228
2019-11-06,16:40:27,1750,0.59131,0.11903,0.76648,0.13634,0.764,0.12167,0.69198,0.80260,0.05000,1573098027.6119883
2019-11-06,16:40:27,1751,0.0498,0.11376,0.75557,0.11994,0.82304,0.13729,0.70477,0.80260,0.05000,1573098027.6805263
2019-11-06,16:40:27,1751,0.06494,0.10698,0.7644,0.01261,0.88583,0.1471,0.71356,0.80260,0.05000,1573098027.6963925
2019-11-06,16:40:27,1751,0.08203,0.10316,0.77148,0.01541,0.889,0.15273,0.72482,0.80260,0.05000,1573098027.7117424
2019-11-06,16:40:27,1751,0.09814,0.10973,0.76957,0.15295,0.78563,0.1454,0.73062,0.80260,0.05000,1573098027.7344263
2019-11-06,16:40:27,1751,0.11426,0.11544,0.75123,0.12976,0.59583,0.18099,0.64985,0.80260,0.05000,1573098027.7344263
2019-11-06,16:40:27,1751,0.13086,0.12025,0.73789,0.13351,0.60539,0.18396,0.65687,0.80260,0.05000,1573098027.7503052
2019-11-06,16:40:27,1751,0.14746,0.13195,0.71028,0.22224,0.45154,0.25219,0.47208,0.80260,0.05000,1573098027.7812905
2019-11-06,16:40:27,1751,0.16602,0.14324,0.68201,0.25027,0.37463,0.2621,0.42395,0.80260,0.05000,1573098027.796912
2019-11-06,16:40:27,1751,0.1875,0.15268,0.65856,0.25044,0.37586,0.26248,0.42541,0.80260,0.05000,1573098027.812534
2019-11-06,16:40:27,1751,0.19824,0.16261,0.62508,0.28891,0.27902,0.27481,0.1675,0.80260,0.05000,1573098027.8659132
2019-11-06,16:40:27,1752,0.01807,0.27631,0.28767,0.27489,0.33028,0.29583,0.26471,0.80260,0.05000,1573098027.9349067
2019-11-06,16:40:27,1752,0.03516,0.2786,0.29238,0.27575,0.33846,0.2997,0.28405,0.80260,0.05000,1573098027.950529
2019-11-06,16:40:27,1752,0.05176,0.27754,0.29626,0.29249,0.39133,0.25204,0.23989,0.80260,0.05000,1573098027.9662054
2019-11-06,16:40:27,1752,0.06836,0.22041,0.31833,-0.06828,0.59221,-0.17651,0.30931,0.80260,0.05000,1573098027.9817715
2019-11-06,16:40:27,1752,0.0835,0.22041,0.31833,nan,nan,nan,nan,0.80260,0.05000,1573098027.9973948
2019-11-06,16:40:28,1752,0.09912,0.22041,0.31833,nan,nan,nan,nan,0.80260,0.05000,1573098028.0130146
2019-11-06,16:40:28,1752,0.11572,0.22041,0.31833,nan,nan,nan,nan,0.80260,0.05000,1573098028.035168
2019-11-06,16:40:28,1753,0.04932,0.65162,-0.44466,0.67307,-0.54702,0.56735,-0.54236,0.80260,0.05000,1573098028.7993445
2019-11-06,16:40:28,1753,0.06641,0.66891,-0.40601,0.7838,-0.25218,0.69238,-0.25056,0.80260,0.05000,1573098028.814969
2019-11-06,16:40:28,1753,0.08301,0.6727,-0.38687,0.75054,-0.23554,0.63269,-0.3468,0.80260,0.05000,1573098028.8371027
2019-11-06,16:40:28,1753,0.09863,0.6754,-0.3732,0.75054,-0.23554,0.63269,-0.3468,0.80260,0.05000,1573098028.8371027
2019-11-06,16:40:28,1753,0.11475,0.68378,-0.33844,0.76787,-0.06733,0.71699,-0.12293,0.80260,0.05000,1573098028.8527234
2019-11-06,16:40:28,1753,0.13184,0.69326,-0.3135,0.80261,-0.11151,0.73568,-0.11651,0.80260,0.05000,1573098028.8683448
2019-11-06,16:40:28,1753,0.14795,0.7007,-0.29188,0.79981,-0.09784,0.73544,-0.09674,0.80260,0.05000,1573098028.8839662
2019-11-06,16:40:28,1753,0.16455,0.70767,-0.26357,0.81242,-0.05095,0.74234,0.09004,0.80260,0.05000,1573098028.915209
2019-11-06,16:40:28,1753,0.18115,0.71759,-0.23995,0.85004,-0.00314,0.80345,0.04281,0.80260,0.05000,1573098028.937397
2019-11-06,16:40:28,1753,0.19727,0.72571,-0.21824,0.84377,0.02333,0.80232,0.0612,0.80260,0.05000,1573098028.937397
2019-11-06,16:40:29,1754,0.0498,0.29755,0.71557,0.1803,0.73651,nan,nan,0.80260,0.05000,1573098029.2004046
2019-11-06,16:40:29,1754,0.06641,0.28858,0.72027,0.25272,0.73905,nan,nan,0.80260,0.05000,1573098029.2160304
2019-11-06,16:40:29,1754,0.08301,0.2826,0.7234,0.25272,0.73905,nan,nan,0.80260,0.05000,1573098029.2377183
2019-11-06,16:40:29,1754,0.09814,0.26073,0.73567,0.12948,0.80933,nan,nan,0.80260,0.05000,1573098029.2533412
2019-11-06,16:40:29,1754,0.11475,0.25081,0.73921,0.18138,0.76393,nan,nan,0.80260,0.05000,1573098029.2691453
2019-11-06,16:40:29,1754,0.13135,0.24326,0.74242,0.18284,0.76816,nan,nan,0.80260,0.05000,1573098029.284777
2019-11-06,16:40:29,1754,0.14795,0.24039,0.75382,0.20022,0.84625,0.22893,0.8666,0.80260,0.05000,1573098029.3002036
2019-11-06,16:40:29,1754,0.16602,0.24157,0.76276,0.23619,0.88357,0.27054,0.82056,0.80260,0.05000,1573098029.3160193
2019-11-06,16:40:29,1754,0.18262,0.24243,0.76993,0.23599,0.88285,0.26793,0.81479,0.80260,0.05000,1573098029.3380718
2019-11-06,16:40:29,1754,0.2002,0.23876,0.78596,0.17631,0.88917,0.21295,1.06747,0.80260,0.05000,1573098029.3536713
2019-11-06,16:40:29,1754,0.21533,0.23774,0.79376,0.16484,0.88311,0.28428,0.90731,0.80260,0.05000,1573098029.3696449
2019-11-06,16:40:29,1755,0.04932,0.19232,0.88946,0.16677,0.91368,0.23556,0.89705,0.80260,0.05000,1573098029.438172
2019-11-06,16:40:29,1755,0.06543,0.18173,0.89717,0.12259,0.89434,0.15623,0.96163,0.80260,0.05000,1573098029.4540129
2019-11-06,16:40:29,1755,0.08252,0.17604,0.90769,0.15552,0.88316,0.13966,1.03747,0.80260,0.05000,1573098029.4699469
2019-11-06,16:40:29,1755,0.09668,0.17185,0.91495,0.15377,0.87947,0.13966,1.03747,0.80260,0.05000,1573098029.485301
2019-11-06,16:40:29,1755,0.11426,0.17134,0.91635,0.18143,0.8556,0.15404,0.99667,0.80260,0.05000,1573098029.5006318
2019-11-06,16:40:29,1755,0.12988,0.16157,0.91887,0.07029,0.83991,0.09663,1.03814,0.80260,0.05000,1573098029.516789
2019-11-06,16:40:29,1755,0.14697,0.15375,0.92086,0.07016,0.83973,0.09643,1.03796,0.80260,0.05000,1573098029.5384471
2019-11-06,16:40:29,1755,0.1626,0.14362,0.92123,0.05612,0.88441,0.02846,0.96541,0.80260,0.05000,1573098029.554046
2019-11-06,16:40:29,1755,0.18115,0.1314,0.92482,0.00836,0.87203,-0.01419,1.05645,0.80260,0.05000,1573098029.570223
2019-11-06,16:40:29,1755,0.19482,0.12162,0.92835,0.01407,0.8785,-0.00556,1.063,0.80260,0.05000,1573098029.585351
2019-11-06,16:40:29,1755,0.2124,0.12105,0.92595,0.02796,0.81978,0.19931,0.96983,0.80260,0.05000,1573098029.6009095
2019-11-06,16:40:29,1755,0.22852,0.11466,0.92322,-0.01602,0.85193,0.06625,0.91789,0.80729,0.05926,1573098029.6165307
2019-11-06,16:40:29,1756,0.04932,0.13515,0.77945,0.13067,0.81169,0.1626,0.75856,0.82604,0.07037,1573098029.7389247
2019-11-06,16:40:29,1756,0.06641,0.14492,0.71806,0.17359,0.67948,0.19438,0.26552,0.82604,0.07037,1573098029.7389247
2019-11-06,16:40:29,1756,0.08105,0.158,0.7154,0.20344,0.71159,0.2434,0.69269,0.83073,0.07037,1573098029.7701771
2019-11-06,16:40:29,1756,0.09961,0.1675,0.71391,0.20344,0.71159,0.24557,0.69823,0.83385,0.07037,1573098029.785789
2019-11-06,16:40:29,1756,0.11426,0.17293,0.71667,0.19357,0.65121,0.22836,0.82084,0.83385,0.07037,1573098029.8014193
2019-11-06,16:40:29,1756,0.12988,0.18088,0.71665,0.22625,0.66379,0.26268,0.76914,0.83385,0.07037,1573098029.8173392
2019-11-06,16:40:29,1756,0.14648,0.18699,0.716,0.22605,0.66289,0.25779,0.75753,0.83958,0.07037,1573098029.8393557
2019-11-06,16:40:29,1756,0.16309,0.18586,0.71724,0.17907,0.72498,0.17004,0.73428,0.83958,0.07037,1573098029.8393557
2019-11-06,16:40:29,1756,0.17969,0.18793,0.71353,0.23023,0.68005,0.19115,0.66539,0.84375,0.07037,1573098029.8551345
2019-11-06,16:40:29,1756,0.1958,0.1894,0.70957,0.22809,0.67048,0.18616,0.65354,0.84427,0.07037,1573098029.886192
2019-11-06,16:40:29,1756,0.21338,0.18944,0.70496,0.18163,0.68943,0.19838,0.60079,0.84427,0.07037,1573098029.9017296
2019-11-06,16:40:29,1756,0.22949,0.19185,0.70425,0.21856,0.71223,0.2326,0.67617,0.84583,0.07222,1573098029.9173217
2019-11-06,16:40:29,1757,0.04785,0.21924,0.7061,0.22926,0.63894,0.20978,0.7653,0.85052,0.08704,1573098029.9707317
2019-11-06,16:40:29,1757,0.06494,0.21221,0.70372,0.17025,0.71993,0.19794,0.66845,0.85104,0.09167,1573098029.9866493
2019-11-06,16:40:30,1757,0.08203,0.21762,0.69278,0.23234,0.66578,0.25696,0.61046,0.85156,0.10556,1573098030.017609
2019-11-06,16:40:30,1757,0.09863,0.22188,0.6863,0.23353,0.67127,0.26137,0.62357,0.85156,0.10556,1573098030.0402308
2019-11-06,16:40:30,1757,0.11572,0.2127,0.67484,0.08283,0.48585,0.21399,0.7033,0.85156,0.10556,1573098030.0402308
2019-11-06,16:40:30,1757,0.13135,0.20945,0.63198,0.17412,0.36032,0.19283,0.21791,0.85156,0.12963,1573098030.0558522
2019-11-06,16:40:30,1757,0.14697,0.20714,0.59887,0.17725,0.37285,0.19547,0.229,0.85156,0.12963,1573098030.071336
2019-11-06,16:40:30,1757,0.16357,0.20248,0.6218,0.19405,0.85622,0.11774,0.84589,0.85000,0.13981,1573098030.0870628
2019-11-06,16:40:30,1757,0.17871,0.19761,0.64322,0.17687,0.87249,0.11116,0.88515,0.85000,0.13981,1573098030.1031296
2019-11-06,16:40:30,1757,0.19434,0.19331,0.66104,0.17542,0.86898,0.10807,0.88088,0.84792,0.14630,1573098030.1187322
2019-11-06,16:40:30,1757,0.21094,0.18885,0.67617,0.12732,0.8959,0.13425,0.84964,0.84792,0.14630,1573098030.1412137
2019-11-06,16:40:30,1757,0.22754,0.18498,0.68529,0.14226,0.79184,0.11941,0.83419,0.84792,0.14630,1573098030.1565144
2019-11-06,16:40:30,1757,0.24414,0.18159,0.69327,0.14226,0.79184,0.11941,0.83419,0.84635,0.15000,1573098030.1720886
2019-11-06,16:40:30,1757,0.25977,0.17836,0.70225,0.13643,0.84666,0.11676,0.84531,0.84635,0.15000,1573098030.1877086
2019-11-06,16:40:30,1757,0.27637,0.17872,0.70369,0.22658,0.60091,0.14318,0.85532,0.84635,0.15000,1573098030.203332
2019-11-06,16:40:30,1758,0.05127,0.63076,-0.07215,0.57656,0.12749,0.61023,-0.02075,0.84062,0.10556,1573098030.6201873
2019-11-06,16:40:30,1758,0.06787,0.66046,-0.15814,0.71568,0.03761,0.84289,-1.04186,0.84062,0.10556,1573098030.6425173
2019-11-06,16:40:30,1758,0.0835,0.65991,-0.13865,0.63992,0.19079,0.67437,-0.27315,0.84062,0.10556,1573098030.6425173
2019-11-06,16:40:30,1758,0.10059,0.65951,-0.12472,0.63992,0.19079,0.67437,-0.27315,0.83646,0.08704,1573098030.6737459
2019-11-06,16:40:30,1758,0.11719,0.66713,-0.10186,0.73907,0.03299,0.70176,0.08343,0.83542,0.08056,1573098030.6893666
2019-11-06,16:40:30,1758,0.1333,0.67072,-0.08273,0.70217,0.13494,0.69674,0.00565,0.83542,0.08056,1573098030.7050354
2019-11-06,16:40:30,1758,0.14941,0.67383,-0.07053,0.70669,0.11168,0.69692,-0.03309,0.83385,0.07222,1573098030.7206087
2019-11-06,16:40:30,1758,0.16602,0.68124,-0.06335,0.77791,-0.0274,0.73277,0.04434,0.83385,0.07222,1573098030.743569
2019-11-06,16:40:30,1758,0.18311,0.69206,-0.11451,0.78849,-0.11617,0.83371,-1.23837,0.83385,0.07222,1573098030.743569
2019-11-06,16:40:30,1758,0.19922,0.70131,-0.16219,0.79889,-0.16881,0.82567,-1.30002,0.83177,0.06296,1573098030.758761
2019-11-06,16:40:30,1758,0.21533,0.70659,-0.16522,0.84325,-0.31357,0.70737,-0.09575,0.83177,0.06296,1573098030.7743661
2019-11-06,16:40:30,1758,0.23193,0.71245,-0.16409,0.82446,-0.21179,0.76456,-0.08465,0.83177,0.05926,1573098030.805609
2019-11-06,16:40:30,1759,0.04932,0.79189,-0.15954,0.86456,-0.20593,0.75536,-0.10869,0.83177,0.05648,1573098030.8595307
2019-11-06,16:40:30,1759,0.06445,0.79446,-0.1627,0.86311,-0.25629,0.74643,-0.09438,0.83177,0.04630,1573098030.8750443
2019-11-06,16:40:30,1759,0.08203,0.79722,-0.16517,0.86123,-0.28343,0.76081,-0.07162,0.83177,0.04259,1573098030.890665
2019-11-06,16:40:30,1759,0.09863,0.79919,-0.16694,0.86123,-0.28343,0.76081,-0.07162,0.83177,0.04259,1573098030.906294
2019-11-06,16:40:30,1759,0.11426,0.80112,-0.16803,0.8664,-0.23117,0.76274,-0.12017,0.83177,0.03796,1573098030.9443707
2019-11-06,16:40:30,1759,0.13184,0.80414,-0.17238,0.85722,-0.24701,0.79939,-0.1674,0.83177,0.03796,1573098030.9443707
2019-11-06,16:40:30,1759,0.14844,0.80655,-0.17586,0.85722,-0.24701,0.79939,-0.1674,0.83177,0.03796,1573098030.9596732
2019-11-06,16:40:30,1759,0.16357,0.80744,-0.18025,0.87619,-0.32375,0.75644,-0.12455,0.83177,0.03796,1573098030.975295
2019-11-06,16:40:30,1759,0.18018,0.81174,-0.18537,0.91678,-0.35549,0.80118,-0.12793,0.83177,0.03796,1573098030.9911592
2019-11-06,16:40:31,1759,0.19678,0.81492,-0.18592,0.90717,-0.31058,0.79912,-0.07433,0.83177,0.03796,1573098031.0070221
2019-11-06,16:40:31,1759,0.2124,0.81619,-0.18206,0.86141,-0.26559,0.804,0.00167,0.83177,0.03796,1573098031.0225852
2019-11-06,16:40:31,1759,0.22949,0.82052,-0.17696,0.92447,-0.24161,0.83765,0.03051,0.83177,0.03796,1573098031.0448353
2019-11-06,16:40:31,1759,0.24609,0.82351,-0.16799,0.90355,-0.15113,0.83338,0.08447,0.83177,0.03796,1573098031.0606163
2019-11-06,16:40:31,1759,0.26172,0.82341,-0.15693,0.84686,-0.03256,0.79656,0.07239,0.83177,0.03796,1573098031.0761862
2019-11-06,16:40:31,1759,0.27881,0.82812,-0.14874,0.95294,-0.09505,0.86357,0.07618,0.83177,0.03796,1573098031.091724
2019-11-06,16:40:31,1759,0.29541,0.83234,-0.14141,0.95294,-0.09505,0.86357,0.07618,0.83177,0.03796,1573098031.1070437
2019-11-06,16:40:31,1760,0.04883,0.85024,0.06388,0.80727,0.09914,0.78469,0.08101,0.83177,0.03796,1573098031.223371
2019-11-06,16:40:31,1760,0.06543,0.84469,0.06068,0.83289,-0.02005,0.81207,0.11581,0.83177,0.03796,1573098031.2464342
2019-11-06,16:40:31,1760,0.08252,0.84099,0.05855,0.83289,-0.02005,0.81207,0.11581,0.83177,0.03796,1573098031.2620282
2019-11-06,16:40:31,1760,0.09814,0.83495,0.05991,0.81675,0.04451,0.78072,0.0916,0.83177,0.03796,1573098031.2774236
2019-11-06,16:40:31,1760,0.11377,0.83494,0.05935,0.8644,0.00095,0.80538,0.10997,0.83177,0.03889,1573098031.2927163
2019-11-06,16:40:31,1760,0.13184,0.83494,0.05892,0.8644,0.00095,0.80538,0.10997,0.83177,0.03889,1573098031.3083508
2019-11-06,16:40:31,1760,0.14697,0.82643,0.0617,0.73957,0.08687,0.76019,0.08658,0.83229,0.04259,1573098031.3240795
2019-11-06,16:40:31,1760,0.16357,0.82122,0.06731,0.76021,0.09726,0.7781,0.14959,0.83229,0.04259,1573098031.3459592
2019-11-06,16:40:31,1760,0.18115,0.81688,0.07199,0.76021,0.09726,0.7781,0.14959,0.83229,0.04259,1573098031.361357
2019-11-06,16:40:31,1760,0.19873,0.80961,0.07403,0.70606,0.14446,0.73848,0.05269,0.83229,0.04259,1573098031.376979
2019-11-06,16:40:31,1760,0.2124,0.80513,0.07228,0.75412,0.01142,0.73962,0.08759,0.83229,0.04259,1573098031.3928506
2019-11-06,16:40:31,1760,0.23145,0.80124,0.07076,0.75412,0.01142,0.73962,0.08759,0.83229,0.04259,1573098031.4082596
2019-11-06,16:40:31,1760,0.24609,0.79593,0.07239,0.72859,0.12105,0.70378,0.07255,0.83229,0.04352,1573098031.4238794
2019-11-06,16:40:31,1760,0.2627,0.79284,0.06995,0.74282,0.04416,0.74416,0.01749,0.83229,0.04352,1573098031.4460547
2019-11-06,16:40:31,1761,0.04932,0.73928,0.06898,0.74653,0.07226,0.72902,0.05992,0.83229,0.04537,1573098031.5089037
2019-11-06,16:40:31,1761,0.06494,0.74374,0.06838,0.77361,0.02645,0.74959,0.10552,0.83229,0.04537,1573098031.524316
2019-11-06,16:40:31,1761,0.08057,0.76262,0.06026,0.90523,-0.14589,0.80874,0.18515,0.83229,0.04537,1573098031.5465548
2019-11-06,16:40:31,1761,0.09717,0.77811,0.0414,0.92583,-0.23449,0.81634,0.09107,0.83229,0.04537,1573098031.5465548
2019-11-06,16:40:31,1761,0.11377,0.75634,0.05555,0.63527,0.08554,0.57253,0.22359,0.83229,0.04537,1573098031.5775476
2019-11-06,16:40:31,1761,0.13037,0.82235,0.0391,0.80952,-0.31463,1.89144,0.12965,0.83229,0.04537,1573098031.5931697
2019-11-06,16:40:31,1761,0.14746,0.87937,0.01488,0.83693,-0.46533,1.94826,0.05908,0.83229,0.04537,1573098031.6087902
2019-11-06,16:40:31,1761,0.16406,0.81061,0.09711,0.19699,0.74967,0.04891,1.08926,0.83229,0.04537,1573098031.6121979
2019-11-06,16:40:31,1761,0.17969,0.77353,0.15709,0.38593,0.72595,0.34544,0.90767,0.83229,0.04537,1573098031.6288364
2019-11-06,16:40:31,1761,0.19629,0.74209,0.20766,0.38593,0.72595,0.34354,0.90321,0.83229,0.04537,1573098031.645983
2019-11-06,16:40:31,1762,0.0498,0.35712,0.81341,0.24436,0.58082,0.31378,0.87165,0.83229,0.04537,1573098031.7618716
2019-11-06,16:40:31,1762,0.06689,0.3618,0.80686,0.37435,0.74347,0.38668,0.8178,0.83229,0.04537,1573098031.7783825
2019-11-06,16:40:31,1762,0.08301,0.36466,0.80078,0.37429,0.7327,0.38369,0.80803,0.83229,0.04537,1573098031.7933452
2019-11-06,16:40:31,1762,0.09961,0.3403,0.79508,0.11524,0.61541,0.27296,0.90641,0.83229,0.04537,1573098031.8112924
2019-11-06,16:40:31,1762,0.11572,0.33779,0.76983,0.2814,0.43416,0.35913,0.75199,0.83229,0.04537,1573098031.8302138
2019-11-06,16:40:31,1762,0.1333,0.33598,0.7509,0.28215,0.44119,0.36087,0.75766,0.83229,0.04537,1573098031.845194
